en,jp,idn
aid,援助,bantuan
ape,猿,kera
apt,~しそう/適切/相応,tepat
arm,腕,lengan
art,美術,seni
ask,聞く,bertanya
bag,バッグ,tas
ban,禁止,melarang
bug,虫,serangga
cab,タクシー,taksi
dim,薄暗い,redup
due,期限,jatuh tempo
era,時代,zaman
far,遠い,jauh
fat,脂肪,gemuk
fed,餌を与えた,diberi makan
few,少し,sedikit
fit,フィット,bugar
fix,修理,memperbaiki
flu,インフルエンザ,flu
fun,楽しい,seru
fur,毛皮,bulu
gas,ガス,gas
guy,男,pria
hub,ハブ,pusat
hug,ハグ,memeluk
ink,インク,tinta
jam,混雑する,selai
jet,ジェット,jet
job,仕事,pekerjaan
lag,遅れ,ketinggalan
lay,横たわる,berbaring
let,させて,membiarkan
lid,蓋,tutup
lot,多く,banyak
mad,狂った,gila
met,会った,bertemu
odd,奇数,aneh
owe,借りている,utang
own,自分の,memiliki
pay,支払う,membayar
per,パーセント,per
ran,走った,berlari
raw,生,mentah
rid,取り除く,menyingkirkan
row,行,baris
rug,ラグ,karpet
run,走る,berlari
sat,座った,duduk
saw,見た,gergaji
say,言う,mengatakan
see,見る,melihat
set,セット,mengatur
shy,シャイ,malu
son,息子,putra
sum,和,jumlah
tag,タグ,menandai
tax,税,pajak
too,あまりにも,juga
vcr,ビデオデッキ,vcr
via,経由,melalui
war,戦争,perang
yep,そうだね,ya
yet,まだ,belum
acid,酸,asam
ages,年齢,usia
also,また,Juga
area,エリア,daerah
away,離れて,jauh
baby,赤ちゃん,Sayang
back,戻る,kembali
bank,銀行,bank
beat,ビート,mengalahkan
been,された,pernah
bent,曲がった,bengkok
best,最高,terbaik
bill,請求書,tagihan
blew,吹いた,meledak
blue,青,biru
bold,太い/大胆な,berani
bomb,爆弾,bom
bore,退屈させる,membosankan
boss,ボス,bos
both,両方,keduanya
bush,茂み,semak-semak
busy,忙しい,sibuk
cake,ケーキ,kue
call,電話,panggilan
calm,落ち着いた,tenang
came,来た,telah datang
care,お手入れ,peduli
case,場合,kasus
cash,現金,uang tunai
cast,キャスト,pemeran
cave,洞窟,gua
cell,細胞,sel
city,市,kota
cold,寒い,dingin
come,来る,datang
cook,料理する,memasak
cool,クール,Dingin
cops,警官,polisi
cost,料金,biaya
crew,クルー,awak kapal
curb,縁石,mengendalikan
cure,治す,menyembuhkan
damn,くそ,berengsek
data,データ,data
days,日々,hari
deal,取引,kesepakatan
debt,借金,utang
deli,デリ,toko makanan
died,死亡しました,mati
diet,ダイエット,diet
does,する,melakukan
done,終わり,Selesai
down,下,turun
drop,落とす,menjatuhkan
drug,薬,obat
duty,義務,tugas
dyed,染め,dicelup
each,それぞれ,setiap
earn,得る,menghasilkan
else,それ以外,kalau tidak
ends,終わる,berakhir
envy,妬み,iri
even,イーブン/平等/同点,bahkan
ever,これまで,pernah
evil,悪,kejahatan
exam,テスト,ujian
exit,出口,KELUAR
face,顔/正面,menghadapi
fact,事実,fakta
fade,薄れる,memudar
fair,公平,adil
fake,偽物,palsu
fall,秋,jatuh
fame,名声,popularitas
fans,ファン,penggemar
fate,運命,takdir
fear,恐れ,takut
feat,偉業,prestasi
feel,感じる,merasa
feet,足,kaki
fell,落ちた,menjatuhkan
felt,感じた,dirasakan
fill,埋める,mengisi
fine,大丈夫/罰金,Bagus
fire,火,api
firm,固い,tegas
flat,フラット,datar
food,食べ物,makanan
ford,フォード,mengarungi
free,無料,bebas
full,満杯,penuh
fund,基金,dana
fuss,大騒ぎ,keributan
game,ゲーム,permainan
gave,与えた,telah memberi
gene,遺伝子,gen
gets,取得,mendapat
gift,贈り物,hadiah
give,与える,memberi
glad,嬉しい,senang
glue,のり,lem
goes,行きます,pergi
gone,消えた,hilang
grew,成長した,tumbuh
hall,ホール,aula
hang,下がる,menggantung
hard,難しい,keras
hate,嫌い,membenci
have,持っている,memiliki
head,頭,kepala
heap,ヒープ/塚/積み重ねたもの,tumpukan
heat,熱,panas
help,ヘルプ,membantu
here,ここ,Di Sini
hide,隠れる,bersembunyi
hold,所有,memegang
home,家,rumah
hope,希望,harapan
huge,巨大な,sangat besar
hurt,傷つく,terluka
idea,アイデア,ide
into,の中へ,ke dalam
jail,刑務所,penjara
june,六月,Juni
junk,ジャンク,sampah
just,ただ,hanya
keep,保つ,menyimpan
kids,子供たち,anak-anak
kill,殺す,membunuh
know,知る,tahu
lack,足らない,kekurangan
laid,敷いた,dibaringkan
lake,湖,danau
last,最後,terakhir
late,遅い,terlambat
lazy,怠け者,malas
lead,鉛,memimpin
left,左,kiri
lend,貸す,meminjamkan
less,少ない,lebih sedikit
life,人生,kehidupan
like,のように,menyukai
line,ライン,garis
live,ライブ,hidup
load,負荷,memuat
long,長さ,panjang
look,見て,Lihat
lose,失う,kehilangan
loss,損失,kehilangan
lost,失った,hilang
lots,たくさん,banyak
loud,うるさい,keras
love,愛,Cinta
luck,運,keberuntungan
made,作った,dibuat
make,作る,membuat
mall,モール,mall
many,多くの,banyak
mars,火星,Mars
math,数学,matematika
meal,食事,makanan
mean,平均,berarti
meet,会う,bertemu
mess,混乱,kekacauan
mind,心,pikiran
mine,私の,milikku
miss,逃す,merindukan
mold,型,cetakan
mood,気分,suasana hati
more,もっと,lagi
most,ほとんど,paling
move,動く,bergerak
much,多くの,banyak
must,しなければならない,harus
name,名前,nama
near,近く,di dekat
neck,首,leher
need,必要,membutuhkan
next,次,Berikutnya
none,なし,tidak ada
noon,正午,siang
obey,従う,mematuhi
okay,わかった,Oke
once,一度,sekali
only,のみ,hanya
oops,おっと,ups
open,開ける,membuka
over,以上,lebih
pace,ペース,laju
pain,痛み,nyeri
pale,青白い,pucat
pang,(心の)苦しみ,pang
part,一部,bagian
pass,合格,lulus
past,過去,masa lalu
path,小道/細道,jalur
pays,支払う,membayar
pick,選ぶ,memilih
pile,堆積,tumpukan
pity,残念,disayangkan
plan,計画,rencana
poll,世論調査,pemilihan
pull,引く,menarik
pure,純粋な,murni
quit,やめる,berhenti
rage,激怒,kemarahan
rain,雨,hujan
rare,レア,langka
rate,率,kecepatan
real,本物,nyata
rear,後方,belakang
rely,頼る,mengandalkan
rent,家賃,menyewa
rest,休む,istirahat
rich,豊か,kaya
ride,乗る,mengendarai
riot,暴動,kerusuhan
ripe,熟した,matang
rise,上昇,bangkit
risk,危険,mempertaruhkan
road,道,jalan
role,役割,peran
room,部屋,ruang
rude,失礼,kasar
rule,ルール,aturan
runs,走る,berjalan
said,言った,dikatakan
sake,目的/利益/~のため,demi
sale,セール,penjualan
sank,沈んだ,tenggelam
says,言う,mengatakan
seem,思われる,terlihat
show,見せる,menunjukkan
shut,シャット,ditutup
sick,病気,sakit
side,側,samping
sigh,はぁ,mendesah
sign,サイン,tanda
sins,罪,dosa
soap,石鹸,sabun mandi
soil,土壌,tanah
sold,売られた,terjual
sole,唯一,tunggal
some,いくつかの,beberapa
soon,すぐ,segera
sore,痛み,sakit
sort,選別,menyortir
spot,スポット,titik
stay,滞在する,tinggal
stir,かき混ぜる,mengaduk
stop,停止,berhenti
such,そのような,seperti
sure,もちろん,mengambil
tale,物語,kisah
talk,話す,bicara
task,タスク,tugas
tell,教えて,memberi tahu
tend,傾向がある,cenderung
than,よりも,dibandingkan
them,彼ら,mereka
then,それから,Kemudian
thin,薄い,tipis
tied,結ばれた,terikat
tiny,小さい,kecil
tips,チップ,tip
tire,タイヤ,ban
toil,労苦,bekerja keras
told,言った,diberi tahu
took,取った,telah mengambil
tool,道具,alat
tore,引き裂いた,merobek
trap,トラップ,perangkap
TRUE,真実,BENAR
turn,振り向く,berbelok
ugly,醜い,jelek
used,使用済み,digunakan
vain,うぬぼれが強い,sia-sia
vast,広大な,luas
very,とても,sangat
vice,副,keburukan
view,ビュー,melihat
vote,投票する,Pilih
wait,待って,Tunggu
want,欲しい,ingin
week,週,pekan
well,良い,Sehat
went,行った,telah pergi
what,何,Apa
when,いつ,Kapan
wide,広い,lebar
wife,妻,istri
will,意思,akan
wind,風,angin
wish,願い,mengharapkan
with,と,dengan
word,言葉,kata
work,仕事,bekerja
worn,着用した,dipakai
yard,ヤード,halaman
yawn,欠伸,menguap
yeah,うん,Ya
year,年,tahun
your,あなたの,york
zero,ゼロ,nol
about,について,tentang
above,その上,di atas
adapt,適応する,menyesuaikan
admit,認める,mengakui
adopt,採用する,mengambil
after,後,setelah
again,また,lagi
agent,エージェント,agen
aging,エージング,penuaan
agree,同意する,setuju
ahead,先に,di depan
aimed,狙った,ditujukan
aisle,通路,lorong
alien,エイリアン,asing
alone,一人で,sendiri
along,平行,bersama
alter,変更する,mengubah
among,の間で,di antara
anger,怒り,amarah
ankle,足首,pergelangan kaki
apart,離れて,terpisah
apply,適用する,menerapkan
april,4月,April
arise,起きる,timbul
armed,武装した,bersenjata
ashes,灰,abu
asian,アジア人,Asia
aside,脇に,ke samping
asked,尋ねた,diminta
award,賞,menghadiahkan
aware,わかっている,menyadari
awful,ひどい,buruk sekali
backs,背中,punggung
basis,基礎,dasar
begin,始める,mulai
being,いる,makhluk
below,下に,di bawah
bills,請求書,tagihan
birth,誕生,kelahiran
black,黒,hitam
blame,非難,menyalahkan
blaze,燃える,api
blind,盲目,buta
blood,血,darah
board,ボード,papan
bound,縛られた,melompat
brain,脳,otak
brave,勇敢な,berani
break,壊す,merusak
brief,簡単な,singkat
broke,壊れた,bangkrut
bucks,ドル,dolar
build,建てる,membangun
bunch,束,kelompok
burst,バースト,meletus
buses,バス,bis-bis
cabin,キャビン,kabin
canal,運河,kanal
cards,カード,kartu-kartu
cargo,貨物,muatan
carry,運ぶ,membawa
carve,彫る,mengukir
catch,キャッチ,menangkap
cause,原因,menyebabkan
cells,細胞,sel
chart,チャート,bagan
check,チェック,memeriksa
cheer,乾杯,bersorak
chest,胸,dada
chill,チル,santai
china,中国,Cina
civil,民事,sipil
clear,クリア,jernih
clock,時計,jam
close,近い,menutup
clues,手がかり,petunjuk
coast,海岸,pesisir
coats,コート,mantel
comes,来る,datang
costs,費用,biaya
cough,咳,batuk
could,できた,bisa
court,裁判所,pengadilan
cover,カバー,menutupi
crash,クラッシュ,menabrak
crazy,クレイジー,gila
creed,信条,kepercayaan
crept,忍び寄った,merayap
crime,犯罪,kejahatan
crops,作物,tanaman-tanaman
crowd,群衆,kerumunan
crude,粗雑な,mentah
cruel,残酷な,kejam
curse,呪い,menyumpahi
curve,曲線,melengkung
daily,毎日,sehari-hari
dares,敢えて,berani
dates,日付,tanggal
death,死,kematian
dents,へこみ,penyok
depth,深さ,kedalaman
dizzy,めまい,pusing
doing,やってる,sedang mengerjakan
dolly,ドリー,boneka
doubt,疑い,ragu
drops,滴る,tetes
drunk,酔っ払い,mabuk
dwell,住む,tinggal
dying,死んでいる,sekarat
eager,熱心な,ingin sekali
early,早い,lebih awal
earth,地球,bumi
eight,八,delapan
elite,エリート,elite
email,Eメール,surel
empty,空の,kosong
enemy,敵,musuh
enter,入力,memasuki
essay,エッセイ,karangan
every,毎,setiap
exact,ちょうど,akurat
extra,余分な,tambahan
fable,寓話,fabel
faced,直面した,dihadapi
fairy,妖精,peri
faith,信仰,keyakinan
FALSE,間違い,PALSU
fancy,ファンシー,menyukai
fares,運賃,tarif
fault,故障,kesalahan
favor,好意,kebaikan
feels,感じる,terasa
fever,熱,demam
fifty,50,lima puluh
fired,解雇された,dipecat
first,初め,Pertama
flaws,欠陥,kekurangan
flies,ハエ,lalat
flood,洪水,banjir
flour,小麦粉,tepung
focus,集中,fokus
foggy,霧がかかった,berkabut
folks,皆さん,rakyat
forms,フォーム,formulir
forth,前方へ,seterusnya
found,見つかった,ditemukan
frame,フレーム,bingkai
frank,フランク,jujur
fraud,詐欺,tipuan
front,フロント,depan
froze,凍った,membeku
fruit,フルーツ,buah
fuels,燃料,bahan bakar
gauge,ゲージ,mengukur
gazed,見つめた,menatap
girls,女の子,cewek-cewek
gives,与える,memberi
globe,グローブ,bola dunia
glory,栄光,kejayaan
going,行く,pergi
goods,品,barang-barang
grain,粒,bulir
great,素晴らしい,Besar
grief,悲しみ,duka
group,グループ,kelompok
guest,ゲスト,tamu
habit,癖,kebiasaan
hands,手,tangan
handy,ハンディ,berguna
harsh,ひどい,kasar
haste,急いで,bergegas
heads,頭,kepala
heart,心臓,jantung
honor,名誉,menghormati
house,家,rumah
how,どうやって,Bagaimana
human,人間,manusia
humid,湿気が多い,lembab
hurry,急いで,buru-buru
idiot,ばか,bodoh
items,アイテム,item
japan,日本,Jepang
jason,ジェイソン,Jason
keeps,保つ,terus
knees,膝,lutut
known,知られている,diketahui
labor,労働,tenaga kerja
large,大きい,besar
later,後で,Nanti
layer,層,lapisan
learn,学ぶ,mempelajari
least,少しでも,paling sedikit
leave,離れる,meninggalkan
legal,法律上の,hukum
light,ライト,lampu
likes,好き,suka
lives,生きている,hidup
local,地元,lokal
logic,論理,logika
looks,見た目,terlihat
major,選考科目,besar
makes,作る,membuat
maybe,多分,Mungkin
mayor,市長,walikota
means,手段,cara
mercy,慈悲,belas kasihan
might,かもしれない,mungkin
minds,心,pikiran
minor,マイナー,minor
molly,モリー,molly
money,お金,uang
month,月,bulan
moral,道徳の,moral
motel,モーテル,motel
mouth,口,mulut
moved,移動しました,terharu
music,音楽,musik
myths,神話,mitos
nails,爪,kuku
naive,ナイーブな,naif
naked,裸,telanjang
named,名前付き,bernama
naomi,ナオミ,naomi
nasty,汚い,tidak menyenangkan
natto,納豆,natto
needs,ニーズ,kebutuhan
never,一度もない,tidak pernah
niece,姪,keponakan perempuan
night,夜,malam
noble,ノーブル,bangsawan
noted,了解しました,dicatat
novel,小説,novel
ocean,海,laut
often,頻繁,sering
opera,オペラ,opera
orbit,軌道,orbit
order,注文,memesan
organ,器官,organ
other,他の,lainnya
ought,すべきだ,sebaiknya
outer,外側,luar
owing,借りがある,terhutang
ozone,オゾン,ozon
pants,パンツ,celana
party,パーティー,berpesta
pause,一時停止,berhenti sebentar
peace,平和,perdamaian
phase,段階,fase
phone,電話,telepon
piece,ピース,bagian
pills,丸薬,pil
place,場所,tempat
plain,無地,polos
plane,飛行機,pesawat
plant,植物,tanaman
plays,遊ぶ,diputar
point,ポイント,titik
power,力,kekuatan
press,プレス,tekan
print,印刷する,mencetak
prior,前,sebelumnya
prose,散文,prosa
proud,誇りに思う,bangga
purse,財布,tas kecil
quite,とても,lumayan
rainy,雨の,hujan
range,範囲,jangkauan
reach,到着,mencapai
ready,準備ができて,siap
rebel,反逆者,pemberontak
reign,治世,memerintah
reply,返事,membalas
right,右,Kanan
rigid,硬い,kaku
risen,起きた,bangkit
risks,リスク,risiko
rough,粗い,kasar
rumor,噂,isu
rural,田舎,pedesaan
rusty,錆びた,berkarat
sales,販売,penjualan
scale,規模,skala
scent,香り,aroma
seeds,種子,biji
sense,センス,nalar
shade,シェード,naungan
shape,形,membentuk
share,共有,membagikan
she,彼女,dia
sheer,薄手の,belaka
shelf,棚,rak
shook,震えた,bergetar
shore,海岸,pantai
short,短い,pendek
shows,ショー,menunjukkan
sight,視力,penglihatan
silly,馬鹿な,konyol
since,以来,sejak
small,小さい,kecil
smart,頭いい,cerdas
solid,固体,padat
sorry,ごめん,Maaf
souls,魂,jiwa
sound,音,suara
space,空間,ruang angkasa
spare,予備の,meluangkan
speak,話す,berbicara
spell,スペル,mengeja
spend,過ごす,membelanjakan
spite,悪意,meskipun
split,スプリット,membelah
staff,スタッフ,staf
stand,立つ,berdiri
starr,スター,berbintang
start,始める,awal
state,州,negara
steep,急な,curam
stiff,硬い,kaku
still,まだ,tetap
stink,悪臭,bau
stood,立っていた,berdiri
store,店,toko
stuck,立ち往生,terjebak
stuff,もの,hal-hal
suite,スイート,rangkaian
sweat,汗,keringat
swore,誓った,bersumpah
tails,尾,ekor
taken,取られた,diambil
takes,かかります,dibutuhkan
talks,話す,pembicaraan
tears,涙,air mata
terms,条項,ketentuan
their,彼らの,milik mereka
theme,テーマ,tema
there,そこには,di sana
these,これら,ini
thick,厚い,tebal
thief,泥棒,maling
thing,もの,benda
think,考える,memikirkan
those,それらの,itu
three,三つ,tiga
threw,投げた,melemparkan
times,回,waktu
timid,臆病な,pemalu
tired,疲れた,lelah
title,タイトル,judul
today,今日,Hari ini
tokyo,東京,Tokyo
topic,トピック,tema
touch,触る,menyentuh
tough,厳しい,keras
trace,痕跡,jejak
track,追跡,melacak
trade,貿易,berdagang
treat,扱う,merawat
trial,トライアル,uji coba
tribe,部族,suku
truck,トラック,truk
trust,信頼,memercayai
truth,真実,kebenaran
turns,ターン,ternyata
twice,二度,dua kali
twins,双子,saudara kembar
uncle,叔父,paman
under,下,di bawah
union,連合,Persatuan
units,単位,unit
until,それまで,sampai
upset,動揺,gundah
urban,都会的な,perkotaan
usual,いつもの,biasa
vague,漠然,tidak jelas
valid,有効,sah
verge,寸前,ambang
vital,重要な,vital
vivid,鮮やかな,jelas
wages,賃金,upah
watch,時計,jam tangan
weigh,重さを量る,Menimbang
weird,奇妙な,aneh
wheat,小麦,gandum
where,どこ,Di mana
which,どれの,yang
while,その間,ketika
whole,全体,utuh
width,幅,lebar
witch,魔女,penyihir
woman,女性,wanita
word;,言葉;,kata;
words,言葉,kata-kata
works,作品,bekerja
world,世界,dunia
worse,悪い,lebih buruk
worth,価値,bernilai
would,するだろう,akan
write,書く,menulis
wrong,間違っている,salah
years,年,bertahun-tahun
yield,収率,menghasilkan
youth,若者,anak muda
abroad,海外,luar negeri
absent,不在,absen
absurd,不条理な,absurd
abused,虐待された,disalahgunakan
access,アクセス,mengakses
across,横切って,lintas
action,アクション,tindakan
active,アクティブ,aktif
addict,中毒者,pencandu
adjust,調整する,menyesuaikan
admire,憧れ,mengagumi
afford,余裕ある,memberi
afraid,恐れている,takut
allies,同盟国,sekutu
always,いつも,selalu
amazed,驚いた,terkagum-kagum
annual,年間,tahunan
anyone,誰でも,siapa pun
appeal,訴える,menarik
argues,主張する,berpendapat
around,その周り,sekitar
arrest,逮捕,menangkap
asleep,眠っている,tertidur
aspect,側面,aspek
assume,仮定する,menganggap
assure,保証します,memastikan
athens,アテネ,Athena
attack,攻撃,menyerang
author,著者,pengarang
backed,裏付けられた,bersandaran
barely,かろうじて,hampir tidak
barrel,たる,barel
became,なりました,menjadi
become,なる,menjadi
before,前に,sebelum
begged,懇願した,memohon
behalf,代理して,kepentingan
behind,後ろに,di belakang
beings,存在,makhluk
beside,そばに/傍/外れる,di samping
better,より良い,lebih baik
beyond,超えて,di luar
biting,噛む,bersanding
bitter,苦い,pahit
blanks,ブランク,kosong
border,国境,berbatasan
boring,つまらない,membosankan
borrow,借りる,meminjam
bottom,底,dasar
branch,支店,cabang
bribes,賄賂,suap
brutal,残忍な,brutal
budget,予算,anggaran
bullet,弾丸,peluru
bumped,ぶつかった,terbentur
buried,埋葬された,terkubur
burned,やけど,dibakar
called,呼ばれた,ditelepon
cancer,癌,kanker
cannot,できない,tidak bisa
carbon,炭素,karbon
career,キャリア,karier
caring,思いやりのある,merawat
casual,カジュアル,kasual
cattle,牛,ternak
caught,つかまった,tertangkap
chance,チャンス,peluang
change,変化,mengubah
charge,充電,mengenakan biaya
choice,選択,pilihan
chores,家事,pekerjaan rumah tangga
clerks,事務員,pegawai
client,クライアント,klien
clumsy,不器用,kikuk
coffee,コーヒー,kopi
collar,襟,kerah
colony,コロニー,koloni
coming,到来,yang akan datang
commit,専念,melakukan
common,一般,umum
coping,対処する,mengatasi
counts,カウント,penting
county,郡,daerah
couple,カップル,pasangan
course,コース,kursus
cousin,いとこ,sepupu
coward,腰抜け,pengecut
cracks,ひび割れ,retak
create,作成する,membuat
crisis,危機,krisis
curfew,門限,jam malam
damage,ダメージ,kerusakan
danger,危険,bahaya
dawned,夜が明けた,fajar
debate,議論,perdebatan
decent,ちゃんとした,baik
defeat,敗北,mengalahkan
demand,要求,tuntutan
denied,拒否されました,ditolak
desert,砂漠,gurun
detail,詳細,detail
device,デバイス,perangkat
dinner,夕食,makan malam
dishes,食器,cucian piring
dismal,陰惨な,suram
dreams,夢,mimpi
during,その間,selama
duties,義務,tugas
eating,食べる,makan
effect,効果,memengaruhi
effort,努力,upaya
elbows,肘,siku
endure,耐える,menderita
energy,エネルギー,energi
entire,全体,seluruh
erupts,噴火する,meletus
escape,逃げる,melarikan diri
estate,エステート,perkebunan
ethnic,エスニック,etnis
except,を除外する,kecuali
excuse,言い訳,mengizinkan
expand,拡大する,memperluas
expert,専門家,pakar
extent,範囲,cakupan
fabric,ファブリック,kain
failed,失敗した,gagal
fallen,落ちた,jatuh
family,家族,keluarga
famine,飢饉,kelaparan
farmer,農家,petani
father,父親,ayah
faucet,蛇口,keran
female,女性,perempuan
figure,形,angka
flatly,平たく,dengan datar
flight,フライト,penerbangan
fluent,流暢,fasih
forced,強制的,dipaksa
forces,力,kekuatan
forget,忘れる,lupa
former,前者,mantan
fossil,化石,fosil
foster,養子,mengasuh
friday,金曜日,Jumat
fridge,冷蔵庫,kulkas
gadget,ガジェット,Gawai
gender,性別,jenis kelamin
genius,天才,jenius
gentle,優しい,lembut
giotto,ジョット,Giotto
giving,与える,memberi
glance,一目,lirikan
global,グローバル,global
gloves,手袋,sarung tangan
gotten,得た,didapat
greedy,よく深い,tamak
growth,成長,pertumbuhan
guests,ゲスト,tamu
guilty,有罪,bersalah
handed,渡された,diserahkan
hardly,しそうにない,hampir tidak
having,持っている,memiliki
helped,助けた,membantu
herbal,ハーブ,jamu
hitech,ハイテク,halangan
honest,正直,jujur
hoping,願って,berharap
horror,ホラー,kengerian
humble,謙虚な,rendah hati
hunger,飢え,kelaparan
ideals,理想,cita-cita
impose,課す,memaksakan
income,所得,penghasilan
insane,非常識な,gila
inside,内部,di dalam
issues,問題,masalah
itself,自体,diri
jacket,ジャケット,jaket
judged,判断された,diadili
jury,陪審,juri
larger,より大きな,lebih besar
latest,最新,terbaru
latter,後者,yang terakhir
lawyer,弁護士,pengacara
leaned,傾いた,bersandar
leaped,飛び跳ねた,melompat
leaves,葉,daun-daun
length,長さ,panjang
lesson,レッスン,pelajaran
letter,手紙,surat
likely,おそらく,mungkin
little,少し,kecil
living,生活,hidup
lonely,さみしい,kesepian
longer,より長いです,lebih lama
losing,負け,kekalahan
losses,損失,kerugian
making,作る,membuat
manage,管理,mengelola
manual,マニュアル,panduan
matter,案件,urusan
mature,成熟した,dewasa
medium,中くらい,sedang
memory,メモリ,Penyimpanan
mental,精神的な,mental
middle,真ん中,tengah
minute,分,menit
modest,控えめ,sederhana
moment,一瞬,momen
monica,モニカ,monika
months,月,bulan
mostly,たいてい,sebagian besar
mother,母親,ibu
murder,殺人,pembunuhan
muscle,筋,otot
myself,自分自身,saya sendiri
nature,自然,alam
nearly,ほぼ,hampir
needle,針,jarum
nephew,甥,keponakan laki-laki
nerves,神経,saraf
notice,知らせ,melihat
notion,概念,gagasan
number,番号,nomor
object,物体,obyek
offers,オファー,penawaran
ordeal,試練,siksaan
origin,起源,asal
others,その他,yang lain
outfit,服装,pakaian
oxygen,酸素,oksigen
pacing,ペーシング,mondar-mandir
packed,詰め込まれた,penuh sesak
palace,宮殿,istana
panama,パナマ,Panama
papers,論文,dokumen
passed,合格した,lulus
paying,支払う,pembayaran
people,人々,rakyat
period,期間,periode
person,人,orang
pillar,柱,pilar
plague,ペスト,wabah
planet,惑星,planet
please,お願いします,Tolong
plenty,多くの,banyak
poetry,詩,puisi
poison,毒,racun
police,警察,POLISI
policy,ポリシー,kebijakan
polite,礼儀正しい,sopan
pounds,ポンド,pound
praise,賞賛,memuji
prayed,祈った,berdoa
prefer,好む,lebih menyukai
pretty,かわいい,cantik
priest,祭司,pendeta
prison,刑務所,penjara
profit,利益,laba
proper,ちゃんとした,sesuai
proved,証明された,terbukti
public,公共,publik
quoted,引用,dikutip
racial,人種的な,rasial
raised,上げた,dinaikkan
random,ランダム,acak
rather,それよりも,lebih tepatnya
really,本当に,Sungguh
reason,理由,alasan
reform,改革,pembaruan
regard,考慮、関心、尊重,pandangan
regime,政権,rezim
region,地域,wilayah
relief,安心,lega
remark,述べる,komentar
remedy,療法,memperbaiki
remote,リモート,terpencil
resign,辞任する,berhenti
resist,抵抗する,melawan
result,結果,hasil
resume,再開する,melanjutkan
retain,保持,mempertahankan
return,戻る,kembali
review,レビュー,tinjauan
reward,褒美,hadiah
richie,リッチー,orang kaya
ritual,儀式,upacara
robbed,盗まれた,dirampok
ruined,台無しにされた,hancur
ryotei,料亭,ryotei
sacred,神聖,suci
safety,安全性,keamanan
saying,言ってる,pepatah
scared,怖がった,takut
scenes,シーン,adegan
scheme,スキーム,skema
school,学校,sekolah
search,検索,mencari
second,2番,Kedua
seeing,見る,melihat
seldom,めったに,jarang
senior,シニア,senior
series,シリーズ,seri
serves,奉仕する,melayani
settle,解決する,menetap
severe,厳しい,berat
shabby,みすぼらしい,lusuh
should,すべき,sebaiknya
shower,シャワー,mandi
shrank,縮んだ,menyusut
single,シングル,lajang
sister,妹,saudari
skills,スキル,keterampilan
slaves,奴隷,budak
slight,わずかな,sedikit
smells,匂いがする,berbau
snacks,おやつ,makanan ringan
sneeze,くしゃみ,bersin
soaked,びしょ濡れ,basah kuyup
sobbed,すすり泣いた,terisak
solemn,厳粛な,serius
sooner,より早く,lebih cepat
sorrow,悲しみ,duka
sought,求めた,dicari
sounds,音,terdengar
sowing,種まき,penaburan
speaks,話す,berbicara
square,四角,persegi
stands,スタンド,berdiri
statue,像,patung
status,状態,status
stayed,泊まった,tinggal
sticks,スティック,tongkat
stocks,株,saham
stream,ストリーム,sungai kecil
stupid,バカ,bodoh
submit,提出する,kirim
subtle,微妙,tak kentara
suburb,郊外,pinggiran kota
sudden,突然,tiba-tiba
suffer,苦しむ,menderita
summit,サミット,puncak
survey,調査,survei
system,システム,sistem
taking,取る,memukau
talent,タレント,bakat
talked,話しました,berbicara
tastes,味,selera
teased,からかわれた,menggoda
temper,気性,melunakkan
teresa,テレサ,teresa
thanks,ありがとう,terima kasih
theory,理論,teori
thesis,論文,tesis
things,もの,hal-hal
thirst,渇き,haus
though,けれど,meskipun
thread,糸,benang
throat,喉,tenggorokan
tissue,組織,jaringan
treaty,条約,perjanjian
troops,軍,pasukan
trying,試しています,mencoba
turned,回った,berbalik
twenty,二十,dua puluh
uneasy,不安な,gelisah
unfair,不公平な,tidak adil
unique,個性的,unik
unless,ない限り,kecuali
upside,上向き,terbalik
urgent,緊急,mendesak
vacant,空いている,kosong
valley,谷,lembah
values,価値観,nilai-nilai
vessel,容器,kapal
vienna,ウィーン,Wina
virtue,美徳,kebajikan
vision,ビジョン,penglihatan
volume,音量,volume
voyage,航海,perjalanan
wanted,欲しかった,diinginkan
warned,警告された,diperingatkan
wasted,無駄にした,sia-sia
wealth,富,kekayaan
weapon,武器,senjata
weight,重さ,berat
whales,くじら,Paus
what,何,Apa
wicked,邪悪な,jahat
wisdom,知恵,kebijaksanaan
wonder,不思議,rasa takjub
yamada,山田,yamada
yelled,叫んだ,teriak
ability,能力,kemampuan
account,アカウント,akun
accused,被告人,dituduh
advance,前進,maju
advised,アドバイスした,disarankan
affairs,事務,urusan
affects,影響を与える,mempengaruhi
against,に対して,melawan
alcohol,アルコール,alkohol
allowed,許可された,diizinkan
amounts,金額,jumlah
ancient,古代,kuno
animals,動物,binatang
another,別の,lain
antique,アンティーク,antik
anxious,心配している,cemas
anymore,もう,lagi
appears,表示されます,muncul
aroused,興奮した,terangsang
article,記事,artikel
ashamed,恥ずかしい,malu
aspirin,アスピリン,aspirin
average,平均,rata-rata
avoided,避けられた,dihindari
awkward,気まずい,canggung
baggage,手荷物,bagasi
because,なぜなら,Karena
becomes,になる,menjadi
behaves,振る舞う,berperilaku
believe,信じる,meyakini
besides,その上,di samping itu
between,間,di antara
billion,十億,miliar
blushes,赤面する,tersipu
british,イギリス人,Inggris
brought,持ってくる,telah membawa
bullied,いじめられた,diintimidasi
burdens,負担,beban
cabinet,戸棚,kabinet
capable,有能,mampu
capital,資本,modal
ceiling,シーリング,langit-langit
celsius,摂氏,Celsius
certain,ある,yakin
chances,チャンス,peluang
chapter,章,bab
charity,慈善活動,amal
cheated,騙された,ditipu
chinese,中国人,Cina
claimed,主張した,diklaim
climate,気候,iklim
cloning,クローン作成,kloning
clothes,服,pakaian
collect,集める,mengumpulkan
college,カレッジ,kampus
comfort,快適,kenyamanan
comment,コメント,komentar
commute,通勤,bepergian
company,会社,perusahaan
complex,複雑な,kompleks
conceal,隠す,menutupi
concise,簡潔,ringkas
confess,告白する,mengakui
confirm,確認する,mengonfirmasi
confuse,混乱,bingung
conquer,征服する,menaklukkan
consult,相談する,berkonsultasi
contact,接触,kontak
content,コンテンツ,isi
control,コントロール,kontrol
correct,正しい,benar
council,評議会,Dewan
country,国,negara
courage,勇気,keberanian
crucial,重要な,penting
culture,文化,budaya
curious,好奇心旺盛,penasaran
current,現在,saat ini
customs,税関,bea cukai
decades,数十年,dekade
decided,決めた,diputuskan
decline,衰退,menolak
defects,欠陥,cacat
defense,防衛,pertahanan
deficit,赤字,defisit
degrees,度,derajat
delayed,遅延,terlambat
delight,喜び,sukacita
density,密度,kepadatan
depends,依存します,bergantung
derives,派生します,berasal
desired,望ましい,diinginkan
despise,軽蔑する,membenci
despite,にもかかわらず,meskipun
devoted,献身的な,setia
differs,異なります,berbeda
dignity,尊厳,harga diri
dioxide,二酸化物,dioksida
discuss,話し合う,membahas
disease,病気,penyakit
display,画面,menampilkan
dispute,紛争,sengketa
distant,遠い,jauh
disturb,乱す,mengganggu
divides,分割する,membagi
dragged,引きずられた,menyeret
dressed,服を着た,berpakaian
driving,運転,menyetir
dropped,落とした,menjatuhkan
drought,干ばつ,kekeringan
earnest,真剣な,sungguh-sungguh
edition,版,edisi
elderly,お年寄り,tua
element,要素,elemen
emerged,現れた,muncul
enclose,同封する,melingkupi
engaged,婚約中,bertunangan
engages,関与する,terlibat
equator,赤道,khatulistiwa
erected,建てられた,didirikan
eternal,永遠の,abadi
ethical,倫理的な,etis
example,例,contoh
excited,興奮した,bersemangat
exerted,力を発揮した,dikerahkan
existed,存在した,ada
expense,費用,pengeluaran
expires,有効期限が切れます,kedaluwarsa
explain,説明する,menjelaskan
exports,輸出,ekspor
exposed,露出,terbuka
express,急行,cepat
factors,要因,faktor
factory,工場,pabrik
failure,失敗,kegagalan
fainted,気を失った,pingsan
fatigue,倦怠感,kelelahan
federal,連邦政府,federal
feeling,フィーリング,merasa
fertile,肥沃な,subur
fiction,フィクション,fiksi
finding,見つける,temuan
flatter,もっと平らな,memuji
flunked,失敗した,gagal
follows,続く,berikut
foreign,外国,luar negeri
forests,森林,hutan
forever,永遠に,selamanya
forgive,許す,memaafkan
formula,式,rumus
fortune,運,harta benda
forward,フォワード,maju
fragile,壊れやすい,rentan
freedom,自由,kebebasan
friends,友達,teman-teman
frowned,眉をひそめた,mengerutkan kening
fulfill,満たす,memenuhi
funeral,葬儀,pemakaman
further,さらに遠く,lebih jauh
garbage,ごみ,sampah
general,一般的な,umum
genuine,本物,asli
getting,取得,mendapatkan
glimpse,垣間見る,melihat sekilas
grabbed,掴んだ,meraih
grandma,おばあちゃん,nenek
granted,付与された,diberikan
gravity,重力,gravitasi
greeted,挨拶されました,disambut
grocery,食料品,kebutuhan sehari-hari
grounds,根拠,alasan
halfway,中途半端,setengah jalan
hanging,ぶら下がっている,gantung
harmful,有害,berbahaya
harvest,収穫,memanen
haunted,取り憑かれた/うなされた,berhantu
heading,見出し,menuju
hearing,聴覚,pendengaran
heights,ハイツ,ketinggian
herself,彼女自身,diri
himself,彼自身,diri
his/her,彼/彼女,miliknya
holding,ホールディング,memegang
honesty,正直,kejujuran
hostile,敵対的な,agresif
however,しかし,Namun
hundred,百,ratus
ignored,無視されました,diabaikan
illegal,違法,liar
illness,病気,penyakit
immense,計り知れない,sangat luas
imports,輸入品,impor
impulse,衝動,impuls
initial,イニシャル,awal
insects,昆虫,serangga
instead,その代わり,alih-alih
insults,侮辱,penghinaan
intense,激しい,intens
intrude,侵入する,mengganggu
invited,招待されました,diundang
italian,イタリアの,Italia
japan,日本,Jepang
japanese,日本語,jepang
jealous,嫉妬深い,cemburu
kidding,冗談です,bercanda
killing,殺す,pembunuhan
laundry,ランドリー,cucian
leaking,漏れている,bocor
learned,学んだ,terpelajar
leather,レザー,kulit
leaving,出発する,meninggalkan
lecture,講義,kuliah
legends,伝説,legenda
liberty,自由,kebebasan
lingers,長引く,tetap hidup
located,位置した,terletak
longing,憧れ,kerinduan
looking,探している,melihat
loyalty,忠誠心,loyalitas
machine,機械,mesin
mammals,哺乳類,mamalia
married,既婚,telah menikah
massive,大規模,besar sekali
matters,問題,penting
maximum,最大,maksimum
medical,医学,medis
meeting,ミーティング,pertemuan
melting,溶融,meleleh
mention,言及,menyebutkan
methods,メソッド,metode
mineral,ミネラル,mineral
minutes,分,menit
mission,ミッション,misi
mistake,間違い,kesalahan
mixture,混合,campuran
monitor,モニター,memantau
morning,朝,Pagi
motives,動機,motif
mounted,取り付けられた,dipasang
nations,国家,bangsa
network,通信網,jaringan
neutral,中性,netral
nothing,何もない,Tidak ada apa-apa
nowhere,どこにもない,tidak kemana-mana
nuclear,核,nuklir
obliged,義務付けられた,terpaksa
obscure,あいまいな,samar
officer,役員,petugas
operate,操作する,beroperasi
opinion,意見,pendapat
opposed,反対した,menentang
orphans,孤児,anak yatim piatu
outcome,結果,hasil
outlook,見通し,pandangan
pacific,パシフィック,Pasifik
parents,両親,orang tua
passage,通路,jalan
passive,受け身,pasif
pastime,娯楽,hiburan
patriot,愛国者,patriot
pension,年金,pensiun
percent,パーセント,persen
perfect,完璧,sempurna
perfume,香水,parfum
persist,持続する,bertahan
plastic,プラスチック,plastik
playing,遊んでいる,bermain
pleaded,懇願した,memohon
plunged,落ち込んだ,jatuh
pointed,尖った,lancip
postwar,戦後,pascaperang
pouring,注ぐ,penuangan
poverty,貧困,kemiskinan
precise,正確な,tepat
premise,前提,premis
present,現在,hadiah
prevail,勝つ,bertahan
prevent,防ぐ,mencegah
privacy,プライバシー,pribadi
private,プライベート,pribadi
problem,問題,masalah
program,プログラム,program
project,プロジェクト,proyek
promise,約束,janji
protect,守る,melindungi
proverb,ことわざ,pepatah
provide,提供する,menyediakan
pulling,引っ張る,menarik
purpose,目的,tujuan
quality,品質,kualitas
quarrel,喧嘩,pertengkaran
quarter,四半期,seperempat
quickly,素早く,dengan cepat
rapidly,急速に,dengan cepat
reached,到達した,dicapai
reality,現実,realitas
realize,気づく,menyadari
reflect,反映する,mencerminkan
refrain,控える,menahan diri
refused,拒否した,ditolak
regular,通常,reguler
related,関連している,terkait
relaxed,リラックスした,santai
removed,削除されました,DIHAPUS
respect,尊重,menghormati
revenue,収益,pendapatan
revised,改訂,diperbaiki
running,ランニング,berlari
rushing,急ぐ,bergegas
scolded,叱られた,dimarahi
selfish,わがまま,egois
senator,上院議員,senator
service,サービス,melayani
several,いくつかの,beberapa
shallow,浅い,dangkal
shelter,シェルター,tempat berlindung
shouted,叫んだ,teriak
shuttle,シャトル,antar-jemput
similar,似ている,serupa
skidded,滑った,tergelincir
skipped,スキップしました,dilewati
society,社会,masyarakat
somehow,どうにか,bagaimanapun
someone,誰か,seseorang
sources,ソース,sumber
species,種,jenis
spirits,精霊,roh
staring,見つめる,menatap
starved,飢えた,kelaparan
stomach,胃,perut
strings,文字列,string
student,学生,murid
subject,主題,subjek
suggest,提案する,menyarankan
suicide,自殺,bunuh diri
summary,まとめ,ringkasan
support,サポート,mendukung
supreme,最高,tertinggi
surface,表面,permukaan
surgeon,外科医,ahli bedah
surplus,余剰,kelebihan
swelled,膨らんだ,bengkak
swiftly,素早く,dengan cepat
tabloid,タブロイド,pil
tactics,戦術,taktik
talking,話している,pembicaraan
tariffs,関税,tarif
tension,テンション,ketegangan
therapy,治療,terapi
there,そこには,di sana
thought,考え,pikiran
threats,脅威,ancaman
through,を通して,melalui
tighten,締める,mengencangkan
today,今日,Hari ini
tonight,今夜,malam ini
torture,拷問,menyiksa
touched,触れた,tersentuh
traffic,渋滞,lalu lintas
tragedy,悲劇,tragedi
tremble,震える,gemetar
trivial,つまらない,remeh
trouble,トラブル,masalah
tuition,学費,biaya pendidikan
twisted,ねじれた,memutar
typhoon,台風,topan
tyranny,圧政,kezaliman
undergo,受ける,menjalani
unusual,普通でない,tidak biasa
utility,ユーティリティ,kegunaan
utterly,全く,sama sekali
various,様々な,bermacam-macam
vending,自動販売機,penjual otomatis
venture,ベンチャー,usaha
verdict,評決,dakwaan
victims,被害者,korban
virtual,バーチャル,maya
visible,見える,bisa dilihat
volcano,火山,gunung berapi
warming,温暖化,pemanasan
weather,天気,cuaca
website,Webサイト,situs web
welcome,いらっしゃいませ,selamat datang
welfare,福祉,kesejahteraan
whether,かどうか,apakah
willing,喜んで,bersedia
without,それなし,tanpa
workers,労働者,pekerja
working,働く,bekerja
worried,心配した,khawatir
wounded,負傷した,luka
younger,若い,lebih muda
abortion,中絶,abortus
absorbed,吸収された,terserap
abstract,抽象的な,abstrak
abundant,豊富な,melimpah
academic,アカデミック,akademik
accident,事故,kecelakaan
accounts,アカウント,akun
accurate,正確な,tepat
achieved,達成,tercapai
actually,実は,Sebenarnya
addition,追加,tambahan
adequate,十分な,memadai
advances,進歩する,Rayuan
alarming,憂慮すべき,menggelisahkan
although,それでも,meskipun
amounted,金額が高い,berjumlah
analyzed,分析された,dianalisis
annoying,迷惑な,mengganggu
anything,何でも,apa pun
appetite,食欲,nafsu makan
applause,拍手,tepuk tangan
approach,アプローチ,mendekati
approved,承認された,disetujui
assemble,組み立てる,berkumpul
atlantic,大西洋の,Atlantik
attached,添付,terlampir
attitude,態度,sikap
attorney,弁護士,pengacara
audience,観客,hadirin
aviation,航空,penerbangan
bankrupt,破産,bangkrut
becoming,なる,menjadi
believes,信じています,percaya
belonged,所属していた,milik
benefits,利点,manfaat
betrayed,裏切られた,dikhianati
beverage,飲み物,minuman
blessing,祝福,anugerah
boasting,自慢する,membual
breathed,息をした,bernafas
bringing,持ってくる,membawa
buddhist,仏教徒,Buddhis
building,建物,bangunan
business,仕事,bisnis
capacity,容量,kapasitas
captured,捕らえられた,ditangkap
cartoons,漫画,kartun
catching,捕まえる,penangkapan
cautious,用心深い,waspada
chairman,会長,ketua
chatting,おしゃべり,mengobrol
childish,子供っぽい,kekanak-kanakan
children,子供たち,anak-anak
clinging,しがみついている,menempel
collapse,崩壊,runtuh
combines,組み合わせる,menggabungkan
commands,コマンド,perintah
commerce,商業,perdagangan
compared,比較した,dibandingkan
complain,不平をいう,mengeluh
complete,完了,menyelesaikan
composed,作曲された,tersusun
computer,コンピューター,komputer
concepts,概念,konsep
concrete,コンクリート,konkret
confined,閉じ込められた,terbatas
conflict,対立,konflik
congress,会議,Kongres
connects,接続します,menghubungkan
consists,からなる,terdiri
constant,絶え間ない,konstan
contains,含まれています,mengandung
contempt,軽蔑する,penghinaan
contends,争う,berpendapat
continue,続く,melanjutkan
contract,契約,kontrak
contrary,逆に,kebalikan
contrast,対比,kontras
counting,数える,perhitungan
couple,カップル,pasangan
covering,カバーリング,penutup
credited,クレジットされた,dikreditkan
critical,致命的,kritis
currency,通貨,mata uang
deadline,締め切り,tenggat waktu
deceased,故人,almarhum
deceived,騙された,ditipu
decision,決断,keputusan
declared,宣言された,dideklarasikan
delivery,配達,pengiriman
deprived,剥奪された,dirampas
deserves,値する,layak
desolate,荒涼とした,terpencil
dialects,方言,dialek
dialogue,対話,dialog
diarrhea,下痢,diare
dictator,独裁者,diktator
diligent,勤勉な,rajin
directly,直接,secara langsung
disagree,同意しない,tidak setuju
disaster,災害,bencana
discount,割引,diskon
disguise,変装,samaran
disposal,廃棄,pembuangan
domestic,国内,lokal
dominant,支配的な,dominan
downtown,ダウンタウン,pusat kota
economic,経済的な,ekonomis
election,選挙,pemilihan
eloquent,雄弁な,fasih
employer,雇用者,pemberi pekerjaan
enormous,巨大な,sangat besar
entitled,資格のある,berhak
envelope,封筒,amplop
epidemic,伝染病,epidemi
equality,平等,persamaan
estimate,見積もり,memperkirakan
everyone,みんな,setiap orang
evidence,証拠,bukti
exercise,エクササイズ,latihan
expected,期待される,mengharapkan
expenses,経費,pengeluaran
exploded,爆発した,meledak
explored,探検した,dieksplorasi
fabulous,素晴らしい,sangat menyenangkan
facility,施設,fasilitas
familiar,おなじみ,akrab
family,家族,keluarga
favorite,お気に入り,favorit
features,特徴,fitur
flexible,フレキシブル,fleksibel
forecast,予報,ramalan
freshman,新入生,mahasiswa baru
friction,摩擦,gesekan
generous,寛大,dermawan
geometry,幾何学,geometri
gigantic,巨大,raksasa
glaciers,氷河,gletser
goodwill,のれん,niat baik
graceful,優雅な,anggun
grateful,ありがたい,bersyukur
happened,起こりました,telah terjadi
headache,頭痛,sakit kepala
hesitate,ためらう,ragu-ragu
historic,歴史的な,bersejarah
homeless,ホームレス,tunawisma
hostages,人質,sandera
humanity,人類,kemanusiaan
hydrogen,水素,hidrogen
illusion,幻想,ilusi
imperial,インペリアル,imperial
implying,暗示する,menyiratkan
incident,事件,kejadian
inclined,傾いた,cenderung
increase,増加,meningkatkan
infant,幼児,bayi
inferior,劣った,lebih rendah
informed,知らされた,diberitahukan
injuries,怪我,cedera
innocent,無実の,tidak bersalah
insights,洞察,wawasan
insisted,と主張した,bersikeras
inspired,インスパイヤされた,terinspirasi
instance,実例,contoh
instinct,本能,naluri
intended,意図されました,disengaja
interest,興味,minat
internal,内部,intern
intimate,親密な,intim
invasion,侵入,invasi
involved,関与した,terlibat
isolated,孤立した,terpencil
japanese,日本語,Jepang
juvenile,少年,remaja
language,言語,bahasa
laughing,笑い,tertawa
laughter,笑い,tawa
launched,打ち上げられた,diluncurkan
linguist,言語学者,ahli bahasa
literacy,リテラシー,literasi
luxuries,贅沢品,kemewahan
maintain,維持する,menjaga
majority,過半数,mayoritas
marriage,結婚,pernikahan
meantime,その間,sementara itu
measures,対策,Pengukuran
memories,思い出,memori
military,軍隊,militer
minister,大臣,menteri
mistakes,間違い,kesalahan
moderate,適度,sedang
monarchy,君主制,kerajaan
monopoly,独占,monopoli
monument,記念碑,Monumen
multiply,かける,berkembang biak
narrowly,狭く,nyaris
national,全国,Nasional
needless,不必要な,tidak perlu
negative,ネガティブ,negatif
neglects,無視する,mengabaikan
neighbor,近所の人,tetangga
nowadays,最近では,dewasa ini
numerous,多数の,banyak sekali
obsolete,廃止,usang
obstacle,障害,rintangan
obtained,得られた,diperoleh
occasion,機会,kesempatan
occurred,発生した,muncul
official,正式,resmi
opinions,意見,pendapat
opponent,対戦相手,lawan
opposite,反対,di depan
optional,オプション,opsional
ordinary,普通,biasa
overseas,海外,luar negeri
overtime,時間とともに,lembur
packages,パッケージ,paket
patience,忍耐,kesabaran
peculiar,奇妙な,aneh
physical,物理的な,fisik
pleasant,楽しい,menyenangkan
pleasure,喜び,kesenangan
portrait,肖像画,potret
positive,ポジティブ,positif
possible,可能,mungkin
practice,練習する,praktik
precious,貴重な,berharga
predicts,予測する,memprediksi
pregnant,妊娠中,hamil
presence,面前,kehadiran
pretends,ふりをする,berpura-pura
previous,前の,sebelumnya
priority,優先度,prioritas
profound,奥深い,menonjol
progress,進捗,kemajuan
promoted,昇進,dipromosikan
property,財産,Properti
proposed,提案された,diajukan
prospect,見通し,prospek
province,州,propinsi
provoked,挑発された,terprovokasi
punctual,時間厳守,tepat waktu
purchase,購入,pembelian
pursuing,追求,mengejar
quantity,量,kuantitas
quarters,四半期,perempat
question,質問,pertanyaan
recalled,思い出した,teringat
received,受け取った,diterima
recently,最近,baru-baru ini
reckless,無謀,ceroboh
reducing,減らす,mengurangi
referred,言及,dirujuk
refugees,難民,pengungsi
rejected,拒否されました,ditolak
released,解放された,dilepaskan
relevant,関連する,relevan
remained,残った,tetap
reminded,思い出した,mengingatkan
repaired,修理された,diperbaiki
repeated,繰り返された,ulang
replaced,交換された,diganti
republic,共和国,republik
required,必須,diperlukan
research,研究,riset
resented,憤慨した,dibenci
resulted,結果として,dihasilkan
revealed,明らかにした,terungkap
romantic,ロマンチック,romantis
routines,ルーチン,rutinitas
salesman,セールスマン,penjual
scarcely,ほとんどない,hampir tidak
scissors,はさみ,gunting
screamed,叫んだ,teriak
security,安全,keamanan
selfmade,自作,buatan sendiri
sensible,賢明な,masuk akal
shortcut,ショートカット,jalan pintas
sidewalk,歩道,trotoar
socalled,いわゆる,disebut
sociable,社交的な,ramah
soldiers,兵隊,tentara
solution,解決,larutan
somebody,誰か,seseorang
sometime,いつか,beberapa waktu
somewhat,幾分,agak
soninlaw,義理の息子,menantu
speaking,話し中,berbicara
specific,特定の,spesifik
splendid,素晴らしい,bagus sekali
spoiling,台無しにする,memanjakan
standing,立っている,kedudukan
steadily,着実に,stabil
strained,緊張した,tegang
strength,強さ,kekuatan
strictly,厳密に,dengan ketat
striving,努力している,berjuang
struggle,闘争,berjuang
stubborn,頑固,keras kepala
stumbled,つまずいた,tersandung
subjects,科目,mata pelajaran
suitable,適切な,sesuai
superior,優れた,unggul
supplies,用品,persediaan
supposed,想定,diperkirakan
surprise,驚き,kejutan
survived,生き残った,selamat
sweeping,掃除する,luas
swimming,水泳,renang
sympathy,同情,simpati
symptoms,症状,gejala
terrible,ひどい,sangat buruk
terrific,素晴らしい,hebat
thorough,徹底した,menyeluruh
thriving,繁栄している,berkembang
throwing,投げ,pelemparan
tolerate,許容する,mentolerir
tollfree,無料通話,bebas pulsa
trainees,研修生,peserta pelatihan
treasure,宝物,harta karun
tropical,トロピカル,tropis
universe,宇宙,semesta
upstairs,上の階,di atas
uptodate,最新の,terkini
vanished,消えた,menghilang
vehicles,車両,kendaraan
violence,暴力,kekerasan
whenever,いつでも,kapan pun
wildlife,野生動物,margasatwa
withdrew,撤退した,menarik diri
workshop,ワークショップ,bengkel
worships,礼拝する,beribadah
yourself,あなた自身,dirimu sendiri
abandoned,放棄された,ditinggalkan
abolished,廃止された,dihapuskan
accepting,受け入れる,menerima
according,によると,menurut
acquiring,取得する,memperoleh
advantage,アドバンテージ,keuntungan
adversity,逆境,kesulitan
ambiguous,曖昧な,ambigu
ambitions,大望・野望,ambisi
ambulance,救急車,ambulans
amendment,修正,amandemen
ancestors,祖先,nenek moyang
announced,発表された,diumumkan
antarctic,南極,daerah Kutub Selatan
apartment,アパート,Apartemen
apologize,謝る,meminta maaf
appointed,任命された,ditunjuk
arrogance,傲慢,kesombongan
associate,仲間,rekan
attending,出席,menghadiri
attention,注意,Perhatian
autograph,サイン,tanda tangan
available,利用可能,tersedia
backwards,後ろ向きに,ke belakang
barometer,バロメーター,barometer
batteries,電池,baterai
bedridden,寝たきり,terbaring di tempat tidur
biologist,生物学者,ahli biologi
birthrate,出生率,angka kelahiran
bothering,面倒な,mengganggu
broadcast,放送,siaran
calculate,計算する,menghitung
candidate,候補者,calon
cathedral,大聖堂,Katedral
celebrate,祝う,merayakan
celebrity,有名人,selebriti
chemicals,化学薬品,bahan kimia
cherishes,大切にします,menghargai
childhood,子供時代,masa kecil
chuckling,くすくす笑う,tertawa kecil
classical,古典的な,klasik
collision,衝突,tabrakan
committee,委員会,komite
community,コミュニティ,masyarakat
companies,企業,perusahaan
competent,有能な,kompeten
concerned,心配している,khawatir
condemned,非難された,dikutuk
condition,状態,kondisi
conducted,実施した,diadakan
conscious,意識的な,sadar
consensus,コンセンサス,konsensus
consumers,消費者,konsumen
continent,大陸,benua
convinced,確信している,yakin
countries,国,negara
criticism,批判,kritik
customers,顧客,pelanggan
departure,出発,keberangkatan
deposited,入金された,disimpan
depressed,押し下げられた,murung
desperate,絶望的な,putus asa
destinies,運命,takdir
detective,探偵,detektif
difficult,難しい,sulit
dinosaurs,恐竜,dinosaurus
direction,方向,arah
discovery,発見,penemuan
dismissed,解雇された,dibubarkan
districts,地区,distrik
diversity,多様性,keberagaman
divorcing,離婚する,bercerai
documents,書類,dokumen
donations,寄付,sumbangan
ecologist,生態学者,ahli ekologi
education,教育,pendidikan
efficient,効率的,efisien
embracing,抱きしめる,merangkul
emergency,緊急,keadaan darurat
emissions,排出量,emisi
emotional,感情的,emosional
emphasize,強調する,menekankan
employees,従業員,karyawan
endeavors,努力する,usaha
enhancing,強化する,meningkatkan
equipment,装置,peralatan
essential,不可欠,penting
everybody,みんな,semua orang
evolution,進化,evolusi
examining,検査する,memeriksa
excellent,素晴らしい,bagus sekali
excessive,過剰な,berlebihan
exchanged,交換された,ditukar
exclaimed,叫んだ,seru
exclusive,エクスクルーシブ,eksklusif
excursion,遠足,tamasya
exhausted,疲れ果てた,lelah
expresses,表現します,mengungkapkan
extremely,非常に,sangat
financial,金融,keuangan
fireworks,花火,kembang api
firsthand,直接,secara langsung
flammable,可燃性,mudah terbakar
following,続く,mengikuti
forbidden,禁断,terlarang
fragments,断片,pecahan
functions,機能,fungsi
furniture,家具,mebel
generally,一般的に,umumnya
gradually,徐々に,perlahan-lahan
graduated,卒業した,lulus
hardships,困難,kesulitan
hazardous,危険な,berbahaya
household,家庭,rumah tangga
hypocrisy,偽善,kemunafikan
imitating,真似する,meniru
impressed,感動した,terkesan
including,含む,termasuk
indicates,を示します,menunjukkan
infection,感染,infeksi
influence,影響,pengaruh
ingenious,独創的な,berbakat
inherited,遺伝性の,diwariskan
injection,注射,injeksi
inquiries,お問い合わせ,pertanyaan
inspected,検査された,diperiksa
institute,研究所,lembaga
insurance,保険,Pertanggungan
integrity,誠実さ,integritas
interrupt,割り込み,mengganggu
intervals,間隔,interval
interview,インタビュー,wawancara
invention,発明,penemuan
investing,投資,berinvestasi
irritated,イライラしている,kesal
justifies,正当化する,membenarkan
knowledge,知識,pengetahuan
leftovers,残り物,sisa
literally,文字通り,secara harfiah
littering,ポイ捨て,membuang sampah sembarangan
machinery,機械,mesin
marvelous,素晴らしい,menakjubkan
materials,材料,bahan
mechanics,力学,mekanika
microwave,電子レンジ,gelombang mikro
miserable,惨めな,menderita
mortality,死亡,kematian
municipal,市営,kota
necessity,必要性,kebutuhan
nightmare,悪夢,mimpi buruk
notorious,悪名高い,terkenal
nutrition,栄養,nutrisi
objective,客観的,objektif
observing,観察する,mengamati
obstinate,頑固な,keras kepala
obviously,明らかに,jelas sekali
occupying,占領している,menempati
offensive,攻撃,menyinggung
otherwise,さもないと,jika tidak
paralyzed,麻痺した,lumpuh
particles,粒子,partikel
peninsula,半島,semenanjung
perceived,認識された,dirasakan
permanent,永続,permanen
personnel,人員,personil
persuaded,説得された,dibujuk
petroleum,石油,minyak bumi
phenomena,現象,fenomena
physician,医師,dokter
polishing,研磨,pemolesan
pollution,汚染,polusi
position;,位置;,posisi;
possesses,持っている,dimiliki
postponed,延期した,ditunda
potential,潜在的,potensi
practical,実用的,praktis
prejudice,偏見,prasangka
preparing,準備,mempersiapkan
president,社長,Presiden
priceless,貴重な,sangat berharga
primarily,主に,terutama
primitive,原生的,primitif
principal,主要,kepala sekolah
proceeded,進みました,melanjutkan
prochoice,プロチョイス,pilihan pro
prolonged,長くなった,berkepanjangan
prominent,目立つ,menonjol
promising,有望な,menjanjikan
protested,抗議した,memprotes
published,出版された,diterbitkan
radiation,放射線,radiasi
realities,現実,kenyataan
recession,不況,resesi
reconcile,和解する,mendamaikan
regarding,に関して,tentang
regretted,後悔した,menyesal
relations,関係,hubungan
relatives,親族,kerabat
religions,宗教,agama
reluctant,気が進まない,enggan
reporters,記者,wartawan
resembles,似てる,menyerupai
residents,住民,penduduk
resorting,頼る,menggunakan
resources,リソース,sumber daya
roundtrip,往復,perjalanan pulang pergi
sanctions,制裁,sanksi
satellite,衛星,satelit
satisfied,満足,puas
scattered,散らばっている,berserakan
scratches,傷,goresan
searching,探しています,mencari
secretary,秘書,sekretaris
sensitive,センシティブ,peka
sentenced,宣告された,dihukum
seriously,真剣に,dengan serius
shattered,粉々になった,hancur
shuffling,シャッフリング,menyeret
sincerely,心から,sungguh-sungguh
situation,状況,situasi
something,何か,sesuatu
spreading,広がる,menyebar
stabilize,安定させる,menstabilkan
standards,標準,standar
strolling,散策,berjalan-jalan
structure,構造,struktur
substance,物質,zat
succeeded,成功しました,berhasil
surrender,降伏,menyerah
suspect,容疑者,mengira
suspected,疑わしい,tersangka
suspended,一時停止中,tergantung
teenagers,ティーンエイジャー,remaja
temporary,一時的,sementara
territory,地域,wilayah
terrorism,テロ,terorisme
testimony,証言,kesaksian
thousands,何千もの,ribuan
threefold,三重,tiga kali lipat
twothirds,3分の2,dua pertiga
uncertain,不確かな,tidak pasti
undertake,引き受ける,melakukan
viewpoint,観点,sudut pandang
violation,違反,pelanggaran
warehouse,倉庫,gudang
wellknown,よく知られている,terkenal
whispered,ささやきました,berbisik
witnessed,目撃した,disaksikan
worldwide,世界的に,di seluruh dunia
yesterday,昨日,Kemarin
absolutely,絶対に,sangat
accelerate,加速する,mempercepat
aggressive,攻撃的,agresif
altogether,まったく,sama sekali
ambassador,大使,duta besar
apparently,どうやら,tampaknya
appliances,家電製品,peralatan
appreciate,感謝する,menghargai
artificial,人工的な,palsu
assignment,割り当て,penugasan
astonished,驚いた,heran
astronauts,宇宙飛行士,astronot
atmosphere,雰囲気,suasana
attempting,試みています,mencoba
attractive,魅力的,menarik
attributed,起因する,diatribusikan
auditorium,講堂,auditorium
background,背景,latar belakang
beforehand,予め,sebelumnya
classified,機密扱い,rahasia
colleagues,同僚,rekan kerja
comprehend,理解する,memahami
compromise,妥協,kompromi
compulsory,義務,wajib
conclusion,結論,kesimpulan
conference,会議,konferensi
conformity,適合性,kesesuaian
confronted,直面した,dihadapkan
conscience,良心,hati nurani
considered,考慮された,dipertimbangkan
contradict,矛盾する,bertentangan
convenient,便利,nyaman
cooperated,協力した,bekerja sama
correspond,対応する,sesuai
corruption,腐敗,korupsi
decreasing,減少する,menurun
department,部門,departemen
determined,決定した,bertekad
developing,現像,mengembangkan
difference,違い,perbedaan
difficulty,困難,kesulitan
diplomatic,外交的な,diplomatik
discipline,規律,disiplin
disgusting,おぞましい,menjijikkan
earthquake,地震,gempa bumi
eliminates,排除する,menghilangkan
encouraged,奨励した,didorong
endangered,絶滅危惧種,terancam bahaya
especially,特に,khususnya
eventually,最終的に,pada akhirnya
everything,すべて,semuanya
exaggerate,誇張する,berlebihan
executives,エグゼクティブ,eksekutif
exhibition,展示,pameran
expedition,遠征,ekspedisi
experience,経験,pengalaman
exploiting,搾取する,mengeksploitasi
extinction,絶滅,kepunahan
fiftyfifty,半分半分,lima puluh lima puluh
flashlight,懐中電灯,senter
frequently,頻繁に,sering
frightened,恐ろしかった,takut
generation,世代,generasi
government,政府,pemerintah
guaranteed,保証されています,terjamin
hypothesis,仮説,hipotesa
identified,特定された,diidentifikasi
immigrants,移民,imigran
importance,重要性,pentingnya
incredible,信じられない,menakjubkan
indecisive,優柔不断な,ragu
individual,個人,individu
industries,産業,industri
inevitable,避けられない,tidak bisa dihindari
infinitely,無限に,tanpa batas
innovation,革新,inovasi
instrument,楽器,instrumen
integrated,統合された,terintegrasi
interested,興味がある,tertarik
interfered,干渉された,ikut campur
interstate,州間高速道路,antar negara bagian
introduced,紹介された,diperkenalkan
ironically,皮肉なことに,ironisnya
irrational,不合理な,irasional
kidnapping,誘拐,penculikan
likelihood,可能性,kemungkinan
literature,文学,literatur
manuscript,原稿,naskah
meditation,瞑想,meditasi
metropolis,大都市,metropolis
microscope,顕微鏡,mikroskop
minorities,少数派,minoritas
mosquitoes,蚊,nyamuk
oppression,抑圧,penindasan
optimistic,楽観的,optimis
overcoming,克服する,mengatasi
overlooked,見落とされた,diabaikan
parliament,議会,parlemen
particular,特定の,tertentu
passengers,乗客,penumpang
pedestrian,歩行者,pejalan kaki
penetrated,浸透した,ditembus
permission,許可,izin
philosophy,哲学,filsafat
playwright,劇作家,dramawan
popularity,人気,kepopuleran
population,人口,populasi
prefecture,県,prefektur
preserving,保存する,melestarikan
principles,原則,prinsip
privileges,特権,hak istimewa
production,生産,produksi
prohibited,禁止,dilarang
prosperity,繁栄,kemakmuran
punishment,罰,hukuman
recognized,認識された,dikenali
recovering,回復,pulih
regardless,関係なく,tanpa memedulikan
relatively,比較的,relatif
remembered,思い出した,ingat
reputation,評判,reputasi
restaurant,レストラン,restoran
retirement,退職,masa pensiun
revolution,革命,revolusi
ridiculous,ばかげている,konyol
sacrificed,犠牲になった,dikorbankan
scientific,科学的,ilmiah
sculptures,彫刻,patung
skepticism,懐疑論,keraguan
specialist,スペシャリスト,spesialis
spectators,観客,penonton
statistics,統計,statistik
stimulates,刺激する,merangsang
strategies,戦略,strategi
substitute,代わりの,pengganti
sufficient,十分な,memadai
swallowing,嚥下,menelan
sweatshirt,トレーナー,kaus
techniques,テクニック,teknik
technology,テクノロジー,teknologi
temptation,誘惑,godaan
throughout,全体を通して,selama
translated,翻訳された,diterjemahkan
transplant,移植,transplantasi
tremendous,途方もない,luar biasa besar
ultimately,結局のところ,akhirnya
university,大学,Universitas
vocabulary,語彙,kosakata
weaknesses,弱点,kelemahan
widespread,広く普及している,tersebar luas
wilderness,荒野,gurun
accommodate,収容する,menampung
accompanied,同行した,disertai
accumulated,蓄積された,terakumulasi
adolescence,思春期,masa remaja
alternative,代替,alternatif
anniversary,記念日,peringatan tahunan
anticipated,予想される,diantisipasi
appropriate,適切な,sesuai
aristocrats,貴族,bangsawan
astronomers,天文学者,astronom
authorities,当局,pihak berwajib
bureaucrats,官僚,birokrat
businessman,ビジネスマン,pengusaha
catastrophe,大惨事,malapetaka
challenging,挑戦的,menantang
circulation,循環,sirkulasi
citizenship,市民権,kewarganegaraan
compensated,補償された,kompensasi
complicated,複雑,rumit
compliments,お世辞,pujian
concentrate,集中,konsentrat
condominium,コンドミニアム,kondominium
considerate,思いやりのある,penuh perhatian
contributes,貢献する,berkontribusi
controversy,論争,kontroversi
corporation,株式会社,perusahaan
cultivating,栽培する,budidaya
definitions,定義,definisi
delinquency,非行,kejahatan
demonstrate,実演する,mendemonstrasikan
description,説明,keterangan
destination,行き先,tujuan
destruction,破壊,penghancuran
devastating,壊滅的な,merusak
development,発達,perkembangan
diminishing,減少する,yg berkurang
disarmament,軍縮,perlucutan senjata
distinguish,区別する,membedakan
distributed,配布された,didistribusikan
electricity,電気,listrik
embarrassed,恥ずかしい,malu
enterprises,企業,perusahaan
entertained,楽しませた,terhibur
environment,環境,lingkungan
established,設立,didirikan
experiments,実験,eksperimen
fascinating,魅力的な,memukau
fundamental,基本的,mendasar
handwriting,手書き,tulisan tangan
hemispheres,半球,belahan bumi
homogeneous,同種の,homogen
hospitality,おもてなし,keramahan
imagination,想像,imajinasi
immediately,すぐに,langsung
improvement,改善,peningkatan
indifferent,無関心,cuek
information,情報,informasi
ingredients,材料,bahan-bahan
inhabitants,住民,penduduk
interactive,相互の作用,interaktif
interpreted,解釈された,ditafsirkan
legislation,法律,peraturan perundang-undangan
magnificent,壮大,agung
masterpiece,傑作,mahakarya
millionaire,富豪,jutawan
necessarily,必然的に,perlu
obstructing,邪魔する,menghalangi
opportunity,機会,peluang
participate,参加する,ikut
performance,パフォーマンス,pertunjukan
personality,人格,kepribadian
perspective,視点,perspektif
pessimistic,悲観的,pesimistis
politicians,政治家,politisi
possibility,可能性,kemungkinan
prestigious,権威ある,bergengsi
recommended,推奨,direkomendasikan
regulations,規則,peraturan
renaissance,ルネサンス,Renaisans
reservation,予約,reservasi
resolutions,解像度,resolusi
responsible,責任者,bertanggung jawab
restaurants,レストラン,restoran
scholarship,奨学金,beasiswa
significant,重要な,penting
something,何か,sesuatu
spontaneous,自発的,spontan
temperature,温度,suhu
thermometer,温度計,termometer
thirtystory,三十階建て,tiga puluh lantai
traditional,伝統的,tradisional
transferred,転送された,ditransfer
transformed,変身した,berubah
transparent,透明,transparan
whitecollar,ホワイトカラー,kerah putih
accomplished,達成した,ahli
agricultural,農業用,pertanian
arrangements,段取り,pengaturan
civilization,文明,peradaban
confidential,機密,rahasia
consequences,結果,konsekuensi
conservation,保全,konservasi
conservative,保守的,konservatif
considerable,かなり,besar
constitution,憲法,konstitusi
construction,工事,konstruksi
contemporary,コンテンポラリー,kontemporer
conventional,従来の,konvensional
conversation,会話,percakapan
deliberately,故意に,dengan sengaja
deregulation,規制緩和,deregulasi
disappearing,消えていく,menghilang
disappointed,残念だった,kecewa
discouraging,落胆させる,mengecewakan
encountering,遭遇する,menghadapi
encyclopedia,百科事典,ensiklopedi
enthusiastic,熱狂的,antusias
exgirlfriend,元カノ,mantan pacar
expectations,期待,harapan
fingerprints,指紋,sidik jari
geographical,地理的な,geografis
independence,独立,kemerdekaan
instructions,説明書,instruksi
intelligence,知能,intelijen
intersection,交差点,persimpangan
manufactured,製造された,diproduksi
negotiations,交渉,negosiasi
nevertheless,それにもかかわらず,namun demikian
organization,組織,organisasi
overwhelming,圧倒的な,begitu banyak
passionately,情熱的に,dengan penuh semangat
perseverance,忍耐力,kegigihan
psychologist,心理学者,psikolog
registration,登録,Registrasi
restrictions,制限,pembatasan
sixtyyearold,六十歳,enam puluh tahun
spokesperson,広報担当者,juru bicara
surroundings,周囲,lingkungan
transactions,トランザクション,transaksi
unemployment,失業,pengangguran
acquaintances,知人,kenalan
advertisement,広告,iklan
approximately,約,sekitar
autobiography,自伝,autobiografi
breakthroughs,画期的な進歩,terobosan
circumstances,状況,keadaan
extraordinary,並外れた,luar biasa
indispensable,不可欠な,sangat diperlukan
international,国際的,internasional
investigation,調査,penyelidikan
mediterranean,地中海,Mediterania
modernization,近代化,modernisasi
pronunciation,発音,pengucapan
restructuring,リストラ,restrukturisasi
selfconfident,自信がある,percaya diri
sophisticated,洗練された,rumit
superstitions,迷信,takhayul
understanding,理解,memahami
unfortunately,残念ながら,Sayangnya
unprecedented,前例のない,belum pernah terjadi sebelumnya
administration,管理,administrasi
anthropologist,人類学者,antropolog
architecture,建築,Arsitektur
characteristic,特性,ciri
discrimination,差別,diskriminasi
futureoriented,未来志向,berorientasi masa depan
qualifications,資格,kualifikasi
questionnaires,アンケート,kuesioner
simultaneously,同時に,serentak
transportation,交通機関,angkutan
westernization,西洋化,pembaratan
competitiveness,競争力,daya saing
congratulations,おめでとう,Selamat
representatives,代表者,perwakilan
twentysomething,二十代,duapuluhan
misunderstanding,誤解,salah paham
